ID;name;job;address
1;Hamdy;teacher;cairo
2;ahmed;Engineer;cairo
3;mohammed;Doctor;cairo
4;hassan;teacher;cairo
5;hessain;teacher;cairo
6;mahmoud;Engineer;cairo
7;mamdouh;Doctor;cairo
8;maamoun;teacher;cairo
9;eihab;teacher;cairo
10;Nour;Engineer;cairo
11;foaad;Doctor;cairo
12;nabile;teacher;cairo
13;desoky;teacher;cairo
14;salah;Engineer;cairo
15;ramadan;Doctor;cairo
16;ragab;teacher;cairo
17;shaaban;teacher;cairo
18;darwish;Engineer;cairo
19;safaa;Doctor;cairo
20;rania;Doctor;cairo
